deviceCategory,unifiedPagePathScreen,unifiedScreenName,screenPageViews
tablet,/home,보리보리,44
tablet,/mypage,보리보리,41
tablet,ListFragment,홈,38
tablet,/cart,보리보리,28
tablet,/plan/271144,기획전,28
tablet,/member/login,보리보리,26
tablet,/order/main,보리보리,20
tablet,/plan/267054,기획전,19
tablet,/plan/274642,기획전,19
tablet,/plan/267317,기획전,17
tablet,/order/result,보리보리,15
tablet,/mypage/order/list,보리보리,13
tablet,/plan/272266,기획전,13
tablet,Boribori_iOS.HomeBodyViewController,메인화면,12
tablet,LnbEventFragment,이벤트,12
tablet,/mypage,주문/배송조회,9
tablet,/plan/267054,보리보리,9
tablet,/item/34506,보리보리,8
tablet,/mypage,100% 당첨! 꽝 없는 보리복권,7
tablet,/mypage/info/verify,보리보리,7
tablet,/product/404678248,상품상세,7
tablet,/mypage,9월 출석체크 이벤트,6
tablet,/mypage,회원정보관리,6
tablet,/plan/271144,보리보리,6
tablet,/product/396903687,[LF닥스베이비]패턴 맨투맨 상하복 [닥스베이비] EUF40VP33M,6
tablet,/product/405411475,소이 남.여 공용 밑단시보리 면바지24S0704,6
tablet,/search/menu,보리보리,6
tablet,/home,[무스텔라_] UP to 43% 할인 + 역대급 할인쿠폰,5
tablet,/plan/271144,9월 보리위크 애프터 세일🍂 MAX 89% OFF,5
tablet,/product/388903178,[디즈니]베이비 미키와친구들 컬러라인가디건,5
tablet,/product/393148727,[보리에디션] 닥스베이비 아이코닉 져지 우주복 ETF11VW03M_MT,5
tablet,/product/393912978,상품상세,5
tablet,/product/400614333,상품상세,5
tablet,/product/403821349,상품상세,5
tablet,/product/404678248,셔츠 레이어드카라 맨투맨티,5
tablet,/product/405411475,상품상세,5
tablet,/cart,묶음배송 상품,4
tablet,/cart,반집업 크롭 후드(블루) ULMH23952,4
tablet,/customer,보리보리,4
tablet,/deal/404170523,딜 상세,4
tablet,/item/34686,보리보리,4
tablet,/mypage/order/list/,보리보리,4
tablet,/plan/198577,기획전,4
tablet,/plan/267054,9월 출석체크 이벤트,4
tablet,/plan/271675,기획전,4
tablet,/product/332939140,보리보리,4
tablet,/product/372262406,상품상세,4
tablet,/product/373496695,상품상세,4
tablet,/product/388729537,상품상세,4
tablet,/product/399940195,상품상세,4
tablet,/product/404028979,배색 라글란카라 반집업티,4
tablet,/product/404029217,상품상세,4
tablet,Boribori_iOS.EventViewController,이벤트,4
tablet,/brand/BL200002,[보리에디션] 헤지스키즈 헤리아토 데님 상하 세트복,3
tablet,/brand/BL201576,보리보리,3
tablet,/brand/BL202626,셔츠 레이어드카라 맨투맨티,3
tablet,/cart,9월 보리위크 애프터 세일🍂 MAX 89% OFF,3
tablet,/cart,[모이몰른] M251KPF03P SOFT&그란레깅스,3
tablet,/cart,[보리에디션] 헤지스키즈 테니스클럽 반팔 카라 맨투맨 티셔츠 HTM23TP64M PK,3
tablet,/cart,[에뜨와 가을]모르POINT상하(MUSTARD)_07P52300828,3
tablet,/cart,셔츠 레이어드카라 맨투맨티,3
tablet,/cart,소이 남.여 공용 밑단시보리 면바지24S0704,3
tablet,/cart,에꼴리에 더센트럴 반집업 카라 니트티 25A5052,3
tablet,/cart,주문/배송조회,3
tablet,/deal/303089524,[네파키즈 브랜드데이] 역시즌 프리오더&가을오픈,3
tablet,/deal/303089524,딜 상세,3
tablet,/deal/334742727,[레노마키즈] 여아 가오리핏긴팔블라우스_R1821B306,3
tablet,/deal/334742727/337935574,[레노마키즈] 여아 가오리핏긴팔블라우스_R1821B306,3
tablet,/deal/339465044,딜 상세,3
tablet,/deal/360267281,[신디키즈] 달꼼나염 와이드 CITJ2492Z(2color),3
tablet,/home,9월 보리위크 애프터 세일🍂 MAX 89% OFF,3
tablet,/item/34726,보리보리 패딩/다운/코트,3
tablet,/item/34728,보리보리,3
tablet,/member/find/id,(쁘띠앙팡)프리유나티셔츠,3
tablet,/member/login,(쁘띠앙팡)프리유나티셔츠,3
tablet,/member/success,보리보리,3
tablet,/mypage/order/detail,주문/배송조회,3
tablet,/mypage/order/list/,에꼴리에 세이브존04 레터링 밴드 레이어드 셋업티 24A0757,3
tablet,/order/main,토스페이 결제 시 2% 즉시할인,3
tablet,/plan/179509,기획전,3
tablet,/plan/198577,[네파키즈 브랜드데이] 역시즌 프리오더&가을오픈,3
tablet,/plan/198577,[네파키즈] 가을/겨울아울렛 UPTO 81% 할인+최대25%쿠폰,3
tablet,/plan/267054,100% 당첨! 꽝 없는 보리복권,3
tablet,/product/301804209,보리보리,3
tablet,/product/323624877,보리보리,3
tablet,/product/327544551,상품상세,3
tablet,/product/335517159,상품상세,3
tablet,/product/349585049,상품상세,3
tablet,/product/370540395,상품상세,3
tablet,/product/376868576,EBS 올림포스 전국연합학력평가 기출문제집 영어독해 (고1) (2025년),3
tablet,/product/380047025,상품상세,3
tablet,/product/382284788,[신디키즈] 달꼼나염 와이드 CITJ2492Z(2color),3
tablet,/product/396903687,보리보리,3
tablet,/product/402693990,상품상세,3
tablet,/product/403011024,[보리plus] 25FW 닥스리틀 아이코닉 배색 가디건 (핑크) DVF25KC50M_PK,3
tablet,/product/403011025,[보리plus] 25FW 닥스리틀 아이코닉 배색 가디건 (아이보리) DVF25KC50M_IV,3
tablet,/product/403718881,[아가방 겨울]모모골벨로아상하(BEIGE)_01R733001,3
tablet,/product/403936751,상품상세,3
tablet,/product/404526274,[피너츠]스누피 테니스게임상하복,3
tablet,/product/404678239,상품상세,3
tablet,/product/404678246,배색 카라 반집업티,3
tablet,/product/404678397,프렌즈 전사 배색 라글란티,3
tablet,/product/404794796,상품상세,3
tablet,/product/404959983,[에뜨와 가을]뮤드로고상하(L/BEIGE)_07R523002,3
tablet,/product/405185677,상품상세,3
tablet,/product/405328407,상품상세,3
tablet,/product/405411096,상품상세,3
tablet,/product/405820779,상품상세,3
tablet,/search/더데이걸즈,더데이걸 윈드 사선 바람막이 TGJA23101,3
tablet,/brand/BL200603,[페리미츠] 캔디펄샤스커트(P2413S610_15),2
tablet,/brand/BL201367,[삠뽀요] 쿠잉후드점퍼,2
tablet,/brand/BL202448,[보리에디션] 가볍게 야상 점퍼_베이지,2
tablet,/brand/BL202448,[보리에디션] 리봉봉 맨투맨,2
tablet,/cart,[9/15-17 특가]주니어 가을 신상 상하세트 6종 택1,2
tablet,/cart,[LF닥스베이비] 퀼팅 엠보자카드 상하내의 [닥스베이비] EUW40VP08M,2
tablet,/cart,[보리에디션] 헤지스키즈 [EARTH] 반팔 상하 세트복 HTM72ST56G NV,2
tablet,/cart,[보리에디션]헤지스키즈 [EARTH] 스트라이프 데님 팬츠 HTM01PD52M BU,2
tablet,/cart,[페리미츠] 꽃아일렛리본뷔스티에(P2511T188_10),2
tablet,/cart,[페리미츠] 카라집업니트가디건(P2411K412_05),2
tablet,/cart,"[헤이미니] 가을 신상 쇼핑 베스트템 5,500원부터~ 82%OFF 데님/상하복/맨투맨/원피스 130종 택1",2
tablet,/cart,네파키즈/본사 KKF2002 유니버스 숏 덕다운 자켓,2
tablet,/cart,네파키즈/본사 KLF2002 시그니처 숏 덕다운 패딩,2
tablet,/cart,버블트리 [J096]블랙페커점퍼,2
tablet,/cart,버블트리 [Q012]스쿨크롭상하복,2
tablet,/cart,버블트리 [Q101]트랙라인상하복,2
tablet,/cart,버블트리 [T400]모던볼티,2
tablet,/cart,버블트리 [T430]큐티버니티,2
tablet,/cart,버블트리 [T439]애니모어크롭티,2
tablet,/cart,버블트리 [T447]키티나그랑티,2
tablet,/cart,버블트리 [T468]스케치퍼피티,2
tablet,/cart,보리보리 팬츠,2
tablet,/cart,샤블리마이크로젤후드점퍼,2
tablet,/cart,스탠다드핏 셋업 조거바지,2
tablet,/cart,스톤그레이 데님 셔켓,2
tablet,/categories,9월 보리위크 애프터 세일🍂 MAX 89% OFF,2
tablet,/categories,[무스텔라_] UP to 43% 할인 + 역대급 할인쿠폰,2
tablet,/customer/qna/list/,보리보리,2
tablet,/deal/312316091,딜 상세,2
tablet,/deal/312316091/386763432,[아콤어] 파이핑골지스판레깅스 C243PT301P,2
tablet,/deal/339465044,보리보리,2
tablet,/deal/346109787,딜 상세,2
tablet,/deal/349713961,보리보리,2
tablet,/deal/360267281,보리보리,2
tablet,/deal/389960281,[쿠폰할인][대근육발달완구] 베이비아인슈타인 外 아기 체육관 쏘서 점퍼루 어라운드위고,2
tablet,/deal/404170523,보리보리,2
tablet,/home,보리보리 상하복,2
tablet,/home/exclusive,보리보리 보리에디션,2
tablet,/item/34416,보리보리,2
tablet,/item/34418,[피너츠]스누피 테니스게임상하복,2
tablet,/item/34488,보리보리 주니어패션,2
tablet,/item/34488,보리보리 티셔츠,2
tablet,/item/34504,보리보리,2
tablet,/item/34506,네파키즈/본사 KLC5901 베이직 트레이닝 세트,2
tablet,/item/34506,유니 미니쭈리 원포인트 셋업 ULMT25S01,2
tablet,/item/34728,[보리에디션] 신디 후드 롱 티셔츠_크림,2
tablet,/item/34758,보리보리 팬츠,2
tablet,/item/35066,[로엠걸즈]부드러운 반넥 골지 티셔츠 RGLA25W1P,2
tablet,/item/35066,[치크] 티 블라우스 CKLA2582G_NC해운대점,2
tablet,/member/find/id,보리보리,2
tablet,/member/find/password,보리보리,2
tablet,/member/login,9월 보리위크 애프터 세일🍂 MAX 89% OFF,2
tablet,/member/login,주문/배송조회,2
tablet,/member/login,치킨차차 보드게임 B504,2
tablet,/mypage,1:1 문의 내역,2
tablet,/mypage,9월 보리위크 애프터 세일🍂 MAX 89% OFF,2
tablet,/mypage,최근 본 상품,2
tablet,/mypage/benefit,보리보리,2
tablet,/mypage/coupon/,쿠폰,2
tablet,/mypage/latest-views,보리보리,2
tablet,/mypage/order/list,[헤지스키즈] 롱기장 덕다운 (HUW12JN54M_PK),2
tablet,/mypage/order/orderlist,보리보리,2
tablet,/order/main,치킨차차 보드게임 B504,2
tablet,/plan/132252,행텐틴즈 베이직셋업 조거팬츠_051(14480-038-653-07),2
tablet,/plan/271144,[보리에디션] 닥스리틀 뽀글이 덕다운 DTW11JN62M_CR,2
tablet,/plan/271211,기획전,2
tablet,/plan/274642,보리보리,2
tablet,/plan/28396,기획전,2
tablet,/plan/28396,보리보리,2
tablet,/plan/81889,기획전,2
tablet,/product/261675129,보리보리,2
tablet,/product/300610524,보리보리,2
tablet,/product/315148453,매일 어메이징 오트 언스위트 190ml 24팩 영양 가득 마시는 귀리,2
tablet,/product/327544551,보리보리,2
tablet,/product/328010431,[보리에디션] 신디 후드 롱 티셔츠_크림,2
tablet,/product/328129904,앱솔루트 명작 2FL 스틱분유 1단계 14g 20개 (0~6개월),2
tablet,/product/332939140,상품상세,2
tablet,/product/346138172,보리보리,2
tablet,/product/347336232,상품상세,2
tablet,/product/347540058,상품상세,2
tablet,/product/348955404,보리보리,2
tablet,/product/352956096,[보리에디션] 레터링 절개 티셔츠,2
tablet,/product/352956096,상품상세,2
tablet,/product/355212219,상품상세,2
tablet,/product/355284112,상품상세,2
tablet,/product/361164907,상품상세,2
tablet,/product/362750856,보리보리,2
tablet,/product/368922254,보리보리,2
tablet,/product/370260999,상품상세,2
tablet,/product/370539075,상품상세,2
tablet,/product/370540395,버블트리 [J096]블랙페커점퍼,2
tablet,/product/371138878,상품상세,2
tablet,/product/371326925,상품상세,2
tablet,/product/372262406,버블트리 [Q101]트랙라인상하복,2
tablet,/product/374888500,[래핑차일드]베이직 터틀넥 티 (84W29-335-01),2
tablet,/product/376576200,상품상세,2
tablet,/product/377518552,초등영문법 3800제 1 : 입문 1단계,2
tablet,/product/377698334,[삠뽀요] 곰이포근점퍼,2
tablet,/product/379378504,보리보리,2
tablet,/product/380046857,보리보리,2
tablet,/product/380046866,[보리에디션]헤지스키즈 올리버 컬러블럭 사파리 HTS12JF09M YE,2
tablet,/product/380047036,상품상세,2
tablet,/product/380047122,상품상세,2
tablet,/product/383719660,상품상세,2
tablet,/product/385066547,상품상세,2
tablet,/product/386780543,[5+1] 베베라온 데일리 긴팔 티셔츠_화이트,2
tablet,/product/387314486,상품상세,2
tablet,/product/388729537,에꼴리에 더센트럴 반집업 카라 니트티 25A5052,2
tablet,/product/388907282,에꼴리에 세이브존04 레터링 밴드 레이어드 셋업티 24A0757,2
tablet,/product/389962207,보리보리,2
tablet,/product/390707129,셀덴 뷔스띠에 케이블 조끼 EDVK23S21,2
tablet,/product/391310469,상품상세,2
tablet,/product/391787040,상품상세,2
tablet,/product/391871095,[보리에디션] 헤지스키즈 헤리아토 데님 상하 세트복,2
tablet,/product/392981212,상품상세,2
tablet,/product/393148738,상품상세,2
tablet,/product/393148745,상품상세,2
tablet,/product/393148760,[보리에디션] 닥스베이비 에센셜 베어 상하SET ETF32ST41M_BU,2
tablet,/product/393912978,네파키즈/본사 KLF2002 시그니처 숏 덕다운 패딩,2
tablet,/product/395965067,보리보리,2
tablet,/product/397755002,상품상세,2
tablet,/product/397755004,[LF닥스베이비] 럭비윌리베어 티셔츠상하복 [닥스베이비] EUW40VP24M,2
tablet,/product/399940023,상품상세,2
tablet,/product/400557423,상품상세,2
tablet,/product/400557496,상품상세,2
tablet,/product/400557825,상품상세,2
tablet,/product/400557890,상품상세,2
tablet,/product/400557890,행텐주니어 사방스판 버뮤다핏 청바지14530-056-601-10,2
tablet,/product/400613091,보리보리,2
tablet,/product/400614333,더데이걸 단정케이블카라스웨터TGKA25102,2
tablet,/product/402092416,아기토리솜솜 퀼팅점퍼,2
tablet,/product/402679288,상품상세,2
tablet,/product/402882745,상품상세,2
tablet,/product/403011025,상품상세,2
tablet,/product/403455744,"[아가방 겨울]제프데이ST맨투맨상하(GREEN,RED)_01R753002",2
tablet,/product/403471972,에꼴리에 HC33 라글란 배색 크롭 후드 점퍼 24C5751,2
tablet,/product/403797019,상품상세,2
tablet,/product/403893648,상품상세,2
tablet,/product/403945962,상품상세,2
tablet,/product/404367722,[리틀뎁] 카라 스트라이프 티셔츠 Blue,2
tablet,/product/404466412,상품상세,2
tablet,/product/404488095,페스티벌루즈로꿍슈트 레드,2
tablet,/product/404637371,상품상세,2
tablet,/product/404678233,루즈핏 리본 퍼피 맨투맨티,2
tablet,/product/404678246,상품상세,2
tablet,/product/404678253,반집업카라니트티,2
tablet,/product/404678394,상품상세,2
tablet,/product/404808530,[몰리멜리] 가을상하 몽땅 10900원 /실내복/여아상하/맨투맨상하,2
tablet,/product/404818965,보리보리,2
tablet,/product/404966158,상품상세,2
tablet,/product/405186669,상품상세,2
tablet,/product/405643707,상품상세,2
tablet,/product/405685981,상품상세,2
tablet,/product/405687921,상품상세,2
tablet,/product/405820779,[프렌치캣] Q44DAT040 WH 배색 프릴 TS,2
tablet,/search/JCB,[보리에디션] 레터링 절개 티셔츠,2
tablet,/search/menu,20 - 보리보리,2
tablet,/search/menu,보리보리 패딩/다운/코트 패딩/다운,2
tablet,/search/더데이걸즈,보리보리,2
tablet,/search/티셔츠,보리보리,2
tablet,/search/흰색 목티,흰색 목티 - 보리보리,2
tablet,Boribori_iOS.BestViewController,베스트,2
tablet,/brand,9월 보리위크 애프터 세일🍂 MAX 89% OFF,1
tablet,/brand,보리보리 상하복,1
tablet,/brand,헤지스 키즈,1
tablet,/brand/BL200002,[보리에디션] 헤지스키즈 테니스클럽 집업 카라 맨투맨 티셔츠 HTS21TM59G IV,1
tablet,/brand/BL200002,[보리에디션]헤지스키즈 [EARTH] 오가닉 헨리넥 카라 티셔츠 HTM01TP02M MT,1
tablet,/brand/BL200002,[보리에디션]헤지스키즈 클래식 운동화 HSJ61UQ50M WT,1
tablet,/brand/BL200002,[헤지스키즈] 글랜체크 자켓 (HUF11DA51M_BR),1
tablet,/brand/BL200002,[헤지스키즈] 베이직 운동화 (HUG60UQ01M_WT),1
tablet,/brand/BL200002,브랜드,1
tablet,/brand/BL200419,좋아요,1
tablet,/brand/BL200430,브랜드,1
tablet,/brand/BL200443,보리보리,1
tablet,/brand/BL200473,[신디키즈] 달꼼나염 와이드 CITJ2492Z(2color),1
tablet,/brand/BL200473,[신디키즈] 바캉스 레이스 리본짚업 CIJA25F02,1
tablet,/brand/BL200473,[신디키즈] 이쁜절개 와이드 데님팬츠 CITJ24T2Z,1
tablet,/brand/BL200473,신디키즈_러빙하트 오버롤팬츠 CITV25S1Z_괴정점,1
tablet,/brand/BL200477,브랜드,1
tablet,/brand/BL200498,[압소바] 폴린 티셔츠 AZ123302,1
tablet,/brand/BL200498,좋아요,1
tablet,/brand/BL200572,보리보리,1
tablet,/brand/BL200603,[페리미츠] 눈꽃 7부블라우스(P2425B391_35),1
tablet,/brand/BL200603,[페리미츠] 카라집업니트가디건(P2411K412_05),1
tablet,/brand/BL200603,좋아요,1
tablet,/brand/BL200622,보리보리,1
tablet,/brand/BL200977,[에뜨와 가을]샌드로POINT상하(GREEN)_07P52305173,1
tablet,/brand/BL200977,[에뜨와 가을]제이콥MTM(D/BLUE)_07Q13100144,1
tablet,/brand/BL200977,[에뜨와 가을]제인페이즐리OPS(YELLOW)_07Q13400187,1
tablet,/brand/BL200977,좋아요,1
tablet,/brand/BL201363,빔보빔바 마카롱플랫 여아구두,1
tablet,/brand/BL201363,빔보빔바 코튼스마일플랫 여아구두,1
tablet,/brand/BL201363,빔보빔바 하트글리터메리제인 핑크 여아구두,1
tablet,/brand/BL201367,[삠뽀요] 스쿨스커트상하복,1
tablet,/brand/BL201367,[삠뽀요] 쿠잉후드점퍼(2컬러),1
tablet,/brand/BL201367,보리보리,1
tablet,/brand/BL202069,20 - 보리보리,1
tablet,/brand/BL202069,보리보리,1
tablet,/brand/BL202448,[보리에디션] 러뷰 니트 티(블랙),1
tablet,/brand/BL202448,[보리에디션] 로코 츄잉 데님 팬츠,1
tablet,/brand/BL202448,[보리에디션] 룰루 레깅스,1
tablet,/brand/BL202448,[보리에디션] 빌리 골지 원피스,1
tablet,/brand/BL202448,[보리에디션] 신디 후드 롱 티셔츠_크림,1
tablet,/brand/BL202448,[보리에디션] 이닝 레깅스_블랙,1
tablet,/brand/BL202495,보리보리,1
tablet,/brand/BL202563,더데이걸 단정케이블카라스웨터TGKA25102,1
tablet,/brand/BL202594,버블트리 [M219]큐티래빗맨투맨,1
tablet,/brand/BL202594,버블트리 [M230]아미띠에맨투맨,1
tablet,/brand/BL202594,버블트리 [M254]뮤직퍼피맨투맨,1
tablet,/brand/BL202594,버블트리 [M255]쥬디리본맨투맨,1
tablet,/brand/BL202594,버블트리 [Q101]트랙라인상하복,1
tablet,/brand/BL202594,버블트리 [T400]모던볼티,1
tablet,/brand/BL202604,[더센트럴 소이] 유니 후드 집업 점퍼 25M0131,1
tablet,/brand/BL202604,소이 남.여 공용 밑단시보리 면바지24S0704,1
tablet,/brand/BL202604,소이 남.여공용 후드 면집업점퍼24S0103,1
tablet,/brand/BL202626,나일론 스판 아노락 후드티,1
tablet,/brand/BL202626,블록코어 후드티,1
tablet,/brand/BL202626,에꼴리에 더센트럴 반집업 카라 니트티 25A5052,1
tablet,/brand/BL202626,오버핏 네오프렌 집업 점퍼,1
tablet,/brand/BL202626,크랙 레터 피그먼트 후드티,1
tablet,/brand/BL210816,아이스비스킷,1
tablet,/brand/BL211971,4층 행텐틴즈 반집업 포켓포인트 후드티셔츠(14460-131-213-12),1
tablet,/brand/BL211971,[행텐주니어]여아 하프 집업 자수 맨투맨-HC1311441020807,1
tablet,/brand/BL211971,보리보리,1
tablet,/brand/BL211971,행텐주니어 밴딩 체크 플리츠 스커트14460-152-203-69,1
tablet,/brand/BL211971,행텐주니어 사방스판 밴딩 세미 와이드핏 청바지14520-055-401-10,1
tablet,/brand/BL211971,행텐주니어 사방스판 버뮤다핏 청바지14530-056-601-10,1
tablet,/brand/BL211971,행텐주니어 체크 플리츠 스커트14480-152-602-69,1
tablet,/brand/BL211971,행텐주니어 쿨 텐션 밴딩 와이드핏 트레이닝 바지14520-138-405-31,1
tablet,/brand/BL211971,행텐주니어 쿨링 라글란 반팔 티셔츠14520-031-404-31,1
tablet,/brand/BL211971,행텐틴즈 여아 저지셋업 스트링 레이어드 티셔츠_055(14480-131-653-31),1
tablet,/brand/BL211971,행텐틴즈 여아 파이핑셋업 아노락 후드티셔츠_100(14480-131-654-41),1
tablet,/brand/BL211971,행텐틴즈 투포켓 소프트 워싱 데님셔츠_254(14510-020-202-10),1
tablet,/brand/BL300154,[베베쥬] 저스트비후드상하복,1
tablet,/brand/BL308207,25년리뉴얼 앱솔루트 명작 액상분유 1단계 (0~12개월) 200ml 24입(니플미포함),1
tablet,/brand/BL308207,앱솔루트,1
tablet,/brand/BL309142,보리보리,1
tablet,/brand/BL345426,보리보리,1
tablet,/brand/BL345550,[산골이유식] 단독 실온이유식 단계별 섞은메뉴 40봉,1
tablet,/brand/BL345550,[산골이유식] 이유식 4주 상품권 (초기) 총48팩,1
tablet,/brand/BL348608,[LF닥스베이비]패턴 맨투맨 상하복 [닥스베이비] EUF40VP33M,1
tablet,/brand/BL349973,브레이브후드반집업[티셔츠TELT999],1
tablet,/cart,1+1 츄러스오버핏유아티셔츠(6color),1
tablet,/cart,[5+1] 베베라온 데일리 긴팔 티셔츠_화이트,1
tablet,/cart,[LF닥스베이비]패턴 맨투맨 상하복 [닥스베이비] EUF40VP33M,1
tablet,/cart,[NIXKIDS]유니) GREY톤/ICE 워싱 풀밴딩 커브드 와이드 (LKTSCDW773M),1
tablet,/cart,[가을 비밀특가+35%] [디즈니]덤퍼 플라워가든리본상하복 _A,1
tablet,/cart,[가을 비밀특가+35%] 로즈체리리본샤원피스 _A,1
tablet,/cart,[가을 비밀특가+35%] 리본샤르망프릴샤원피스 _A,1
tablet,/cart,[가을 비밀특가+35%] 엔젤펄프릴샤팬츠상하복 _A,1
tablet,/cart,[더센트럴 소이주니어] 오트밀 와이드 셋업바지 25F0756,1
tablet,/cart,[디즈니]미녀와야수 방울방울샤원피스,1
tablet,/cart,[디즈니]칩앤데일 피쉬앤칩스상하복,1
tablet,/cart,[디즈니베이비 겨울]올라프우주복(WHITE)_79R727506,1
tablet,/cart,"[디즈니베이비 겨울신상]O,미키와친구들패턴상하(IVORY,YELLOW)_79S723009",1
tablet,/cart,[무배+가을시즌][헤이미니] 로즈체리리본샤원피스,1
tablet,/cart,[무스텔라_] UP to 43% 할인 + 역대급 할인쿠폰,1
tablet,/cart,[보리plus] 25FW 닥스베이비 하우스체크 져지 상하복 (베이지)_EVF25VP01M_BG,1
tablet,/cart,[보리에디션] 헤지스키즈 테니스클럽 맨투맨 티셔츠 HTS21TM05G BU,1
tablet,/cart,[삠뽀요] 곰이포근점퍼,1
tablet,/cart,[삠뽀요] 리네상하복,1
tablet,/cart,[삠뽀요] 스쿨스커트상하복,1
tablet,/cart,[삠뽀요] 퓨어리본상하복,1
tablet,/cart,[소이] 남아 메이크 트레이닝 반팔 티셔츠 21M0402_GY,1
tablet,/cart,[아가방 가을]쿠킹다이노상하(CREAM)_01R557618,1
tablet,/cart,[아가방 겨울]모모골벨로아상하(BEIGE)_01R733001,1
tablet,/cart,[앤디애플][가을 비밀특가+35%] 걸리쉬레이어드크랍조거상하복 _A,1
tablet,/cart,[에꼴리에] 남아 사이드 트랙 6부 트레이닝 팬츠 21B1204_BK,1
tablet,/cart,[에꼴리에] 여자 가을이월 오버핏 체크셔츠(25A3352),1
tablet,/cart,[에뜨와 가을]뮤드로고상하(L/BEIGE)_07R523002,1
tablet,/cart,[에뜨와 가을]카더KNIT상하(BEIGE)_07Q52300321,1
tablet,/cart,"[에뜨와 가을]팝디노상하(IVORY,NAVY)_07Q553002",1
tablet,/cart,[에뜨와 겨울신상]샌드로선상하(IVORY)_07P72305202,1
tablet,/cart,[컬리수] 세일러바람막이,1
tablet,/cart,[컬리수] 올데이 맨투맨티 C221TSG80P,1
tablet,/cart,[컬리수] 카라포인트맨투맨,1
tablet,/cart,[페리미츠] 데일리 골지셋업(P2525I590),1
tablet,/cart,[페리미츠] 빅카라 주름OP(P2511O650_15),1
tablet,/cart,[페리미츠] 세일러 조끼(P2415V072_10),1
tablet,/cart,[페리미츠] 요꼬 카라 맨투맨(P2511T145_47),1
tablet,/cart,[페리미츠] 프리미엄 핑크 드레스(P2422O651_10),1
tablet,/cart,[페리미츠] 플라워쉬폰 롱티셔츠(P2511T195_10),1
tablet,/cart,고객센터,1
tablet,/cart,꿈동산알피상하복,1
tablet,/cart,뉴발란스 878 남녀공용 운동화/런닝화 (CM878MA1),1
tablet,/cart,더데이걸 단정케이블카라스웨터TGKA25102,1
tablet,/cart,레터링 후드 바람막이 C252JM250P-1,1
tablet,/cart,버블트리 [M230]아미띠에맨투맨,1
tablet,/cart,버블트리 [Q126]어썸와이드상하복,1
tablet,/cart,버블트리 [Q133]캠퍼스상하복,1
tablet,/cart,버블트리 [X491]허그베어세트,1
tablet,/cart,보리보리 상하복,1
tablet,/cart,브라운 퍼피 전사 후드티,1
tablet,/cart,에꼴리에 HC33 셔츠레이어드 카라 맨투맨티 25A3456,1
tablet,/cart,케어베어즈 오가닉 베이비긴팔바디수트,1
tablet,/cart,크랙 레터 피그먼트 후드티,1
tablet,/cart,포차코 민트 스커트 셋업 C252ST202P,1
tablet,/cart,포차코그래픽맨투맨 [봄] C251TS211P,1
tablet,/cart,행텐 틴즈,1
tablet,/cart,행텐주니어 밴딩 체크 플리츠 스커트14460-152-203-69,1
tablet,/cart,행텐주니어 사방스판 밴딩 세미 와이드핏 청바지14520-055-401-10,1
tablet,/cart,행텐주니어 체크 플리츠 스커트14480-152-602-69,1
tablet,/cart,행텐주니어 쿨 텐션 밴딩 와이드핏 트레이닝 바지14520-138-405-31,1
tablet,/cart,행텐틴즈 여아 사이드 테이프 라글란 티셔츠_100(14470-131-423-31),1
tablet,/cart,행텐틴즈 하이덴시티 카고 조거팬츠_051(14480-038-601-31),1
tablet,/categories,베베쥬,1
tablet,/categories,보리보리,1
tablet,/customer,FAQ,1
tablet,/customer/faq,고객센터,1
tablet,/deal/246932240,[아가방/디어베이비 가을] BEST내의 특가,1
tablet,/deal/246932240,딜 상세,1
tablet,/deal/250780873,딜 상세,1
tablet,/deal/250780873,여름 상하복 - 보리보리,1
tablet,/deal/289078201,[컬리수] 데일리그래픽7부티셔츠,1
tablet,/deal/289078201,[컬리수] 레이어드티셔츠,1
tablet,/deal/289078201,[컬리수] 리틀트임티셔츠,1
tablet,/deal/289078201,딜 상세,1
tablet,/deal/289078201/337360606,"[컬리수] 키즈 래쉬가드 총 집합, 여름 휴가룩 준비",1
tablet,/deal/289078201/360070555,"[컬리수] 키즈 래쉬가드 총 집합, 여름 휴가룩 준비",1
tablet,/deal/289078201/360070557,"[컬리수] 키즈 래쉬가드 총 집합, 여름 휴가룩 준비",1
tablet,/deal/303089524,네파키즈/본사 KIF5322 SML 스노우 아이스 맨투맨,1
tablet,/deal/306409342,딜 상세,1
tablet,/deal/306409342,상품상세,1
tablet,/deal/312316091,[아콤어] 파이핑골지스판레깅스 C243PT301P,1
tablet,/deal/312316091,[컬리수] 데일리시크팬츠,1
tablet,/deal/312316091,[컬리수] 체커보드베스트,1
tablet,/deal/312316091,[컬리수] 톤톤배색데님자켓,1
tablet,/deal/312316091,보리보리,1
tablet,/deal/312316091,상품상세,1
tablet,/deal/312316091/346138168,[컬리수] FW 바람막이ㅣ가디건ㅣ원피스ㅣ상하의 外 최대 ~62% OFF,1
tablet,/deal/312316091/346138169,[컬리수] FW 바람막이ㅣ가디건ㅣ원피스ㅣ상하의 外 최대 ~62% OFF,1
tablet,/deal/312316091/353339393,[컬리수] FW 바람막이ㅣ가디건ㅣ원피스ㅣ상하의 外 최대 ~62% OFF,1
tablet,/deal/312316091/353339413,[컬리수] FW 바람막이ㅣ가디건ㅣ원피스ㅣ상하의 外 최대 ~62% OFF,1
tablet,/deal/312316091/386763432,[컬리수] FW 바람막이ㅣ가디건ㅣ원피스ㅣ상하의 外 최대 ~62% OFF,1
tablet,/deal/312437475,딜 상세,1
tablet,/deal/312437475,후드티 - 보리보리,1
tablet,/deal/334742727,[레노마키즈] 여아 4부팬츠_R1925P574,1
tablet,/deal/334742727,[레노마키즈] 여아 메쉬배색기본티셔츠_R1925T534,1
tablet,/deal/334742727,[레노마키즈] 여아 밑단컷팅장식티셔츠_R1923T152,1
tablet,/deal/334742727,[레노마키즈] 여아 프린트셋트끈블라우스_R1824B372,1
tablet,/deal/334742727,페리미츠 - 보리보리,1
tablet,/deal/334742727/337935574,[아울렛특가][페리미츠X레노마키즈] 여름 마지막 특가 대방출,1
tablet,/deal/334742727/337940633,[아울렛특가][페리미츠X레노마키즈] 여름 마지막 특가 대방출,1
tablet,/deal/334742727/337941624,[아울렛특가][페리미츠X레노마키즈] 여름 마지막 특가 대방출,1
tablet,/deal/334742727/337941655,[아울렛특가][페리미츠X레노마키즈] 여름 마지막 특가 대방출,1
tablet,/deal/341620596/344664853,보리보리,1
tablet,/deal/346109787,[페리미츠] 여아 꽃나염레이어드T/S_P1932T164,1
tablet,/deal/346109787,페리미츠 - 보리보리,1
tablet,/deal/346109787/330115480,"[레노마X페리미츠] 가을시즌 아울렛 최종할인 3,900원 균일가",1
tablet,/deal/346109787/330115480,보리보리,1
tablet,/deal/349010426,딜 상세,1
tablet,/deal/349010426,리틀뎁 - 보리보리,1
tablet,/deal/349713961,[리틀뎁] 체커보드 래쉬가드 세트 Black,1
tablet,/deal/349713961,딜 상세,1
tablet,/deal/349713961,리틀뎁 - 보리보리,1
tablet,/deal/349713961/393253840,여름 키즈 주니어 래쉬가드 수영복 체커보드 숏보드 세트,1
tablet,/deal/357832398,딜 상세,1
tablet,/deal/357832398,보리보리,1
tablet,/deal/360267281,딜 상세,1
tablet,/deal/360267281,오후키즈 부츠컷 데님OHTJ23151,1
tablet,/deal/379804445,딜 상세,1
tablet,/deal/379804445,컬리수 - 보리보리,1
tablet,/deal/388708861,[쿠폰할인][대근육발달완구] 베이비아인슈타인 外 아기 체육관 쏘서 점퍼루 어라운드위고,1
tablet,/deal/388708861,딜 상세,1
tablet,/deal/389829112,9월 보리위크 애프터 세일🍂 MAX 89% OFF,1
tablet,/deal/389829112,딜 상세,1
tablet,/deal/389960281,딜 상세,1
tablet,/deal/389960281,보리보리,1
tablet,/deal/391179797,페리미츠 - 보리보리,1
tablet,/deal/399020369,여름 상하복 - 보리보리,1
tablet,/deal/404803870,딜 상세,1
tablet,/deal/404803870,베티세트(상하복),1
tablet,/deal/404803870/382452066,[키즈꼬모] 가을 등원룩 7900원 균일가 선착순 한정수량 특가,1
tablet,/deal/404803870/382452077,[키즈꼬모] 가을 등원룩 7900원 균일가 선착순 한정수량 특가,1
tablet,/deal/404803870/382452081,[키즈꼬모] 가을 등원룩 7900원 균일가 선착순 한정수량 특가,1
tablet,/deal/404804929,가을맞이 외출복 & 실내복 연합전,1
tablet,/deal/404804929,딜 상세,1
tablet,/home,[DAKS 프리미엄] 추석 STYLE GUIDE,1
tablet,/home,[LF닥스베이비]패턴 맨투맨 상하복 [닥스베이비] EUF40VP33M,1
tablet,/home,[네파키즈 브랜드데이] 역시즌 프리오더&가을오픈,1
tablet,/home,[닥스리틀] 닥스키즈 에어포스형 운동화 (DUS61UQ04M_WT),1
tablet,/home,[로토토베베] 25 가을 오픈,1
tablet,/home,[몰리멜리] 가을신상오픈 4900원~ /상하복/원피스/가디건 ~83%OFF,1
tablet,/home,[보리에디션] 헤지스 가을패션 신상 입고! ~68% OFF + 장바구니 쿠폰,1
tablet,/home,[빈폴키즈] 새학기 준비! 빈폴키즈와 함께 해요,1
tablet,/home,[아가방/에뜨와/디즈니베이비] FW상품 입고,1
tablet,/home,[컬리수/나이키/조던 外] 가을 FW 키즈/주니어 OPEN SALE ~ 80% 단독신상 / 윈드러너 / 반바지세트,1
tablet,/home,[컬리수] FW 바람막이ㅣ가디건ㅣ원피스ㅣ상하의 外 최대 ~62% OFF,1
tablet,/home,라비베베 국민사다리변기 아기 유아변기 변기커버,1
tablet,/home,마이크로킥보드_스쿠터 스피드 네오크롬,1
tablet,/home,묶음배송 상품,1
tablet,/home,브랜드,1
tablet,/home,슈팅스타 캐치티니핑 서프라이즈 박스2(8종),1
tablet,/home,아트박스/미소짓는하루 몰드 21번 할로윈몰드 초콜릿만들기 도구,1
tablet,/home,주니어패션,1
tablet,/home,컬리수 - 보리보리,1
tablet,/home/best/product,보리보리,1
tablet,/home/exclusive,[보리에디션] 피터젠슨 져지 가디건 PTS11JC01M_NV,1
tablet,/home/hotdeal,[가을신상_양말] 아기 양말/니삭스/레깅스/타이즈 外,1
tablet,/home/hotdeal,[몰리멜리] 가을신상오픈 4900원~ /상하복/원피스/가디건 ~83%OFF,1
tablet,/home/hotdeal,[아가방/디어베이비 가을] BEST내의 특가,1
tablet,/home/hotdeal,[쿠폰할인][대근육발달완구] 베이비아인슈타인 外 아기 체육관 쏘서 점퍼루 어라운드위고,1
tablet,/home/hotdeal,보리보리,1
tablet,/home/ticket,보리보리,1
tablet,/item/28792,보리보리,1
tablet,/item/33401,보리보리 니트/가디건/조끼,1
tablet,/item/33401,보리보리 토들러패션,1
tablet,/item/33401,보리보리 티셔츠 긴팔,1
tablet,/item/33410,[피너츠]스누피 신나는레코드화섬상하복,1
tablet,/item/33410,보리보리 상하복,1
tablet,/item/33410,보리보리 패딩/다운/코트,1
tablet,/item/33410,보리보리 패딩/다운/코트 패딩/다운,1
tablet,/item/33411,9월 보리위크 애프터 세일🍂 MAX 89% OFF,1
tablet,/item/33411,[지오다노주니어] 🍁25FW 오픈🍁 보리보리 단독 특가,1
tablet,/item/33411,[행텐틴즈본사] 가을오픈+역시즌 패딩 특가,1
tablet,/item/33411,보리보리,1
tablet,/item/33411,보리보리 팬츠,1
tablet,/item/33411,보리보리 팬츠 데님,1
tablet,/item/33411,행텐주니어 나시 레이어드 후드 집업 티 세미 와이드핏 바지 세트14460-131-216-14,1
tablet,/item/34416,(베베르망) (아동)달콤수박슈트[슈트BFFE552A],1
tablet,/item/34416,[보리plus] 25FW 닥스베이비 하우스체크 져지 상하복 (베이지)_EVF25VP01M_BG,1
tablet,/item/34416,[아가방 가을]로빈롱블상하(PINK)_01R523052,1
tablet,/item/34416,[압소바] 코코 상하 A2513003,1
tablet,/item/34416,[에뜨와 가을]뮤드나염상하(IVORY)_07R553051,1
tablet,/item/34418,[디즈니]라이온킹 심바 상하복,1
tablet,/item/34418,[몰리멜리] 가을상하 몽땅 10900원 /실내복/여아상하/맨투맨상하,1
tablet,/item/34418,[무스텔라_] UP to 43% 할인 + 역대급 할인쿠폰,1
tablet,/item/34418,[삠뽀요] 스쿨카라상하복,1
tablet,/item/34418,[삠뽀요] 아울트리상하복,1
tablet,/item/34418,[케어베어] 가을맞이 특가혜택전 상하복/티셔츠/아우터외 120종,1
tablet,/item/34418,곰돌이마린카라스트라이프상하복,1
tablet,/item/34418,굿럭베어 7부조거반소매상하복,1
tablet,/item/34418,기모스노우맨세트(상하복),1
tablet,/item/34418,밀크마일 가을신상 디즈니 상하복 균일모음/상하세트/긴팔상하복/아동상하복,1
tablet,/item/34418,버디꾸러기상하복,1
tablet,/item/34418,베베쥬,1
tablet,/item/34418,보리보리,1
tablet,/item/34418,보리보리 토들러패션,1
tablet,/item/34418,콜미코코상하복,1
tablet,/item/34418,텐더하트베어 와이드 배기핏 상하복,1
tablet,/item/34418,토들러패션,1
tablet,/item/34421,보리보리 팬츠 데님,1
tablet,/item/34437,1+1 츄러스오버핏유아티셔츠(6color),1
tablet,/item/34437,보리보리 상하복,1
tablet,/item/34445,보리보리,1
tablet,/item/34447,보리보리 토들러패션,1
tablet,/item/34447,보리보리 패딩/다운/코트 패딩/다운,1
tablet,/item/34485,보리보리 자켓/점퍼,1
tablet,/item/34485,보리보리 키즈패션,1
tablet,/item/34485,코쿤핏 프릴 롱 다운_QADJ06461BK,1
tablet,/item/34485,키즈패션,1
tablet,/item/34486,보리보리 셔츠/블라우스,1
tablet,/item/34486,보리보리 팬츠,1
tablet,/item/34487,보리보리 상하복,1
tablet,/item/34488,[NIXKIDS]유니) GREY톤/ICE 워싱 풀밴딩 커브드 와이드 (LKTSCDW773M),1
tablet,/item/34488,보리보리 원피스,1
tablet,/item/34488,보리보리 팬츠 반바지,1
tablet,/item/34488,주니어패션,1
tablet,/item/34506,BEST [2PACK] 뮤뮤 데님 팬츠 3종 2택,1
tablet,/item/34506,NBA 기획 THATS GAME 맨투맨 바지 세트(K223ST999P),1
tablet,/item/34506,더데이걸 하늘하늘긴팔 나시세트TGRA23401,1
tablet,/item/34506,레플리카 파이핑 우븐 팬츠,1
tablet,/item/34506,미니쮸리 상하세트 ULMT24S01,1
tablet,/item/34506,배색 레이어드 상하복_A4F025,1
tablet,/item/34506,비컴24세트[세트TELT942],1
tablet,/item/34506,소이 여아 면집업세트(바지)24S0754,1
tablet,/item/34506,에스핏 주니어 25년 가을 신상품 오버크롭 세트 TR SJZ509FKTR02,1
tablet,/item/34506,에스핏 주니어 25년 레이어드 조거 세트 SJZ101FKTR10,1
tablet,/item/34506,에어워크주니어 겨울신상 융기모 상하세트 238B1325_3523,1
tablet,/item/34506,에어워크주니어괴정점이스크라나일론와샤세트252B5225,1
tablet,/item/34506,최근 본 상품,1
tablet,/item/34507,보리보리 팬츠 레깅스,1
tablet,/item/34514,[오후] 스클럽 가디건 OHCK25151,1
tablet,/item/34514,보리보리 키즈패션,1
tablet,/item/34515,보리보리,1
tablet,/item/34515,하트 스웨이드 여아 퍼 메리제인,1
tablet,/item/34545,보리보리,1
tablet,/item/34642,보리보리 상하복,1
tablet,/item/34652,토들러패션,1
tablet,/item/34657,MARIO[베이비맥스] 벨트 퍼 스웨이드 자켓 R10241,1
tablet,/item/34657,보리보리 패딩/다운/코트,1
tablet,/item/34679,보리보리,1
tablet,/item/34679,보리보리 팬츠 데님,1
tablet,/item/34686,(쁘띠앙팡)보네리사티셔츠,1
tablet,/item/34686,(쁘띠앙팡)보네시크셔츠,1
tablet,/item/34686,(쁘띠앙팡)보네쿠크티셔츠,1
tablet,/item/34686,(쁘띠앙팡)셀리로지티셔츠,1
tablet,/item/34686,(쁘띠앙팡)셀리쎄라티셔츠,1
tablet,/item/34686,(쁘띠앙팡)셀리올리티셔츠,1
tablet,/item/34686,(쁘띠앙팡)셀리웬디티셔츠,1
tablet,/item/34686,(쁘띠앙팡)프리엘리티셔츠,1
tablet,/item/34686,(쁘띠앙팡)프리하니가디건,1
tablet,/item/34686,(쁘띠앙팡)플로세린가디건,1
tablet,/item/34686,(쁘띠앙팡)헤이미나티셔츠,1
tablet,/item/34686,(쁘띠앙팡)헤이아리나티셔츠,1
tablet,/item/34686,(쁘띠앙팡)헤이안나티셔츠,1
tablet,/item/34686,(쁘띠앙팡)헤이플라워티셔츠,1
tablet,/item/34686,보리보리 티셔츠 카라/터틀넥,1
tablet,/item/34686,치크 편안한 다이마루 블라우스 CKLA24881,1
tablet,/item/34720,행텐주니어 저지 와이드핏 트레이닝 바지14530-138-653-31,1
tablet,/item/34722,보리보리,1
tablet,/item/34722,삐삐네옷가게 여아 주니어 블랙신디 여름 샤 스커트 원피스,1
tablet,/item/34726,구스다운 - 보리보리,1
tablet,/item/34728,[NIXKIDS]유니) C100 3단쭈리- 앞/뒷판 레터링 워싱 맨투맨(FKQSCTM773P),1
tablet,/item/34728,[NIXKIDS]유니) 레귤러핏 그래픽 맨투맨(FKRSCTM701P),1
tablet,/item/34728,[NIXKIDS]유니)CM 30s 쭈리 세미오버핏히든 포켓 맨투맨(FKSSCTM702M),1
tablet,/item/34728,[소이] 남녀공용 가을이월 픽후드티(24F0401),1
tablet,/item/34738,보리보리 팬츠,1
tablet,/item/34758,4층 에스핏 주니어 키즈 남아 여름 반바지 일자핏 벤츄리 5부 PT SJZ304MKPT08,1
tablet,/item/34758,[소이] 남아 밴딩 마운틴 트레이닝 6부 반바지 21M1213_BK,1
tablet,/item/34758,[에꼴리에] 남아 사이드 트랙 6부 트레이닝 팬츠 21B1204_GY,1
tablet,/item/34758,[에꼴리에] 남아 파이핑 트랙 5부 트레이닝 반바지 21B1202_BK,1
tablet,/item/34758,[에꼴리에] 남아 파이핑 포인트 6부 트레이닝 팬츠 21B0206_BK,1
tablet,/item/34758,[에꼴리에] 여아 밴딩 와이드 트레이닝 6부 팬츠 21B1253_BK,1
tablet,/item/34758,올라운더 7부 컴포트 팬츠,1
tablet,/item/34758,키즈/주니어_딥 원 턱 스웨트 하프팬츠 (멜란지),1
tablet,/item/34766,보리보리,1
tablet,/item/34766,보리보리 팬츠 데님,1
tablet,/item/34868,보리보리,1
tablet,/item/34920,K231KBG510 뉴비 백팩 3종택 1,1
tablet,/item/34920,N214KBG010 어드벤처 백팩 BEIGE,1
tablet,/item/34920,[시그니처]아이스비스킷심볼로고포켓백팩_IB55BG001,1
tablet,/item/34920,[시그니처]올오버스마일유틸리티세컨드백_IB45BG568,1
tablet,/item/35066,[래핑차일드]베이직 터틀넥 티 (84W29-335-01),1
tablet,/item/35066,[쁘띠뮤] 베이직터틀폴라티(GMHCT01_IV),1
tablet,/item/35066,[프렌치캣] Q44DAT040 WH 배색 프릴 TS,1
tablet,/item/35066,골지 목폴라 티셔츠_QATS21561IV,1
tablet,/item/35066,보리보리 티셔츠 긴팔,1
tablet,/item/35066,"토토헤로스)여아 라엘티셔츠,12512-100-081",1
tablet,/member/change-password,보리보리,1
tablet,/member/change-password,상품상세,1
tablet,/member/find/password,치킨차차 보드게임 B504,1
tablet,/member/login,2026 해커스 경찰 이나경 민법총칙 기본서,1
tablet,/member/login,4[미미월드] 수다쟁이 삐약이집 수다쟁이삐약이집,1
tablet,/member/login,[LF닥스베이비]패턴 맨투맨 상하복 [닥스베이비] EUF40VP33M,1
tablet,/member/login,[닥스베이비] 닥스베이비 패턴 맨투맨 상하복 (EUF40VP33M_LB),1
tablet,/member/login,[보리에디션] 레터링 절개 티셔츠,1
tablet,/member/login,"[헤이미니] 가을 신상 쇼핑 베스트템 5,500원부터~ 82%OFF 데님/상하복/맨투맨/원피스 130종 택1",1
tablet,/member/login,뉴발란스 878 남녀공용 운동화/런닝화 (CM878MA1),1
tablet,/member/login,라비베베 국민사다리변기 아기 유아변기 변기커버,1
tablet,/member/login,물이 나오는 둥둥 오리 싱크대 놀이 주방 역할놀이 소꿉놀이 여아 장난감,1
tablet,/member/login,얼굴 페이스 표정 맞추기 바꾸기 스피드게임 루빅 큐브 보드게임 W075,1
tablet,/member/login,유니 미니쭈리 원포인트 셋업 ULMT25S01,1
tablet,/member/login,초등영문법 3800제 1 : 입문 1단계,1
tablet,/member/login,키즈/주니어_딥 원 턱 스웨트 하프팬츠 (멜란지),1
tablet,/mypage,(쁘띠앙팡)퓨리아리원피스,1
tablet,/mypage,[DAKS 프리미엄] 추석 STYLE GUIDE,1
tablet,/mypage,[무스텔라_] UP to 43% 할인 + 역대급 할인쿠폰,1
tablet,/mypage,[소이주니어] 니트 세트티 24s3465iv 여아/주니어용 가을상품 초특가,1
tablet,/mypage,[타티네쇼콜라] 비노출 특가 상품 & 25F/W신상 OPEN UP TO 80% OFF,1
tablet,/mypage,구스 - 보리보리,1
tablet,/mypage,니트 소매 패딩 점퍼_QAPD02441CR,1
tablet,/mypage,다이노솔즈 티렉스 세레스 핑크 DNKCE3TSTC11PNK,1
tablet,/mypage,보리보리 니트/가디건/조끼,1
tablet,/mypage,티셔츠 - 보리보리,1
tablet,/mypage,환불계좌관리,1
tablet,/mypage,회원등급 혜택,1
tablet,/mypage/benefit,쿠폰,1
tablet,/mypage/favorite,[리바이스 키즈] 스트라이프 풀온데님 V222PT376P (주니어),1
tablet,/mypage/favorite,모이몰른,1
tablet,/mypage/favorite,보리보리,1
tablet,/mypage/favorite,압소바,1
tablet,/mypage/favorite,에뜨와,1
tablet,/mypage/favorite,페리미츠,1
tablet,/mypage/latest-views,25FW균일가68종,1
tablet,/mypage/latest-views,9월 보리위크 애프터 세일🍂 MAX 89% OFF,1
tablet,/mypage/latest-views,[DAKS 프리미엄] 추석 STYLE GUIDE,1
tablet,/mypage/latest-views,[무스텔라_] UP to 43% 할인 + 역대급 할인쿠폰,1
tablet,/mypage/latest-views,레노마키즈 HC12 주름 체크 스커트 R2431S606,1
tablet,/mypage/latest-views,보리보리 보리에디션,1
tablet,/mypage/latest-views,보리보리 상하복,1
tablet,/mypage/latest-views,틴플로어 맨투맨 - 보리보리,1
tablet,/mypage/order/detail,행텐주니어 사방스판 버뮤다핏 청바지14530-056-601-10,1
tablet,/mypage/order/exchange,[소이주니어] 니트 세트티 24s3465iv 여아/주니어용 가을상품 초특가,1
tablet,/mypage/order/list,니트 소매 패딩 점퍼_QAPD02441CR,1
tablet,/mypage/order/list,에비앙 페이셜 스프레이 미스트 50ml,1
tablet,/mypage/order/list,주문상세,1
tablet,/mypage/order/list/,MARIO[소이] 여아 밴딩 배색 와이드 트레이닝 팬츠 21M0256_BK,1
tablet,/mypage/order/list/,[소이] 여아 아웃포켓 8부 데님 와이드 멜빵 팬츠 21M5291_BL,1
tablet,/mypage/order/list/,[소이주니어] 니트 세트티 24s3465iv 여아/주니어용 가을상품 초특가,1
tablet,/mypage/order/list/,교환신청,1
tablet,/mypage/order/list/,소이 여아 스트릿 크롭 후드점퍼 24S5151,1
tablet,/mypage/order/returnExchange/,(쁘띠앙팡)퓨리아리원피스,1
tablet,/order/main,2026 해커스 경찰 이나경 민법총칙 기본서,1
tablet,/order/main,베지밀 5060시니어두유 190mlx96팩,1
tablet,/order/main,초등영문법 3800제 1 : 입문 1단계,1
tablet,/order/main,최근 본 상품,1
tablet,/plan/132252,[행텐틴즈본사] 가을오픈+역시즌 패딩 특가,1
tablet,/plan/132252,기획전,1
tablet,/plan/132252,행텐틴즈 여아 와이드 트레이닝팬츠_100(14470-138-401-69),1
tablet,/plan/137462,[키즈꼬모] 가을 등원룩 7900원 균일가 선착순 한정수량 특가,1
tablet,/plan/137462,[키즈꼬모] 가을 신상 전상품 즉할1천원 무료배송,1
tablet,/plan/137462,기획전,1
tablet,/plan/152509,기획전,1
tablet,/plan/167032,산골이유식 실온이유식 & 아기 영양간식산골이유식 이유식4주권/실온이유식30팩 최대할인~47%,1
tablet,/plan/198577,보리보리,1
tablet,/plan/207025,기획전,1
tablet,/plan/212115,기획전,1
tablet,/plan/234349,[아웃도어/스타터] 가을 아울렛 특가전 ~ 최대 74% 할인,1
tablet,/plan/264775,기획전,1
tablet,/plan/266722,[리틀뎁] DEPT 레이어드 티셔츠 Blue,1
tablet,/plan/266722,[리틀뎁] 셔링 나일론 팬츠 Beige,1
tablet,/plan/266722,[리틀뎁] 스트링 카고 밴딩 팬츠 Blue,1
tablet,/plan/266722,[리틀뎁] 카라 스트라이프 티셔츠 Blue,1
tablet,/plan/266722,기획전,1
tablet,/plan/269923,기획전,1
tablet,/plan/269924,기획전,1
tablet,/plan/271144,2025년 신규회원 웰컴 베네핏,1
tablet,/plan/271144,[keen] [공식] 품절대란 킨키즈 재스퍼 입고,1
tablet,/plan/271144,[보리plus] 25FW 닥스리틀 아이코닉 배색 가디건 (아이보리) DVF25KC50M_IV,1
tablet,/plan/271144,메이크매직구스패딩점퍼,1
tablet,/plan/271144,신한카드로 선착순 결제혜택,1
tablet,/plan/271144,카카오페이로 결제시 즉시할인,1
tablet,/plan/271144,텐더하트베어 리버서블점퍼,1
tablet,/plan/271144,토스페이 결제 시 2% 즉시할인,1
tablet,/plan/271212,기획전,1
tablet,/plan/272266,[닥스베이비] 닥스베이비 베어 포인트 맨투맨 상하복 (EUF40VP34M_LB),1
tablet,/plan/272266,[보리plus] 25FW 닥스리틀 아이코닉 배색 가디건 (아이보리) DVF25KC50M_IV,1
tablet,/plan/28396,페스티벌루즈로꿍슈트 레드,1
tablet,/plan/3613,[디즈니베이비 가을신상]O.미니스트라이프상하(RED)_79S523060,1
tablet,/plan/3613,[아가방 가을]로빈앤원피스세트(RED)_01R524052,1
tablet,/plan/3613,[아가방 가을]루나자수원피스(가방)(BLUE)_01R534052,1
tablet,/plan/3613,"[아가방 가을]주드골지레깅스(CHARCOAL,BEIGE)_01R552002",1
tablet,/plan/3613,"[아가방 가을]주드골지조거레깅스(MELAN GREY,BROWN)_01R552005",1
tablet,/plan/3613,[아가방 겨울]모모골벨로아상하(BEIGE)_01R733001,1
tablet,/plan/3613,"[아가방 겨울]베그니수면조끼(PINK,YELLOW)_01R757502",1
tablet,/plan/3613,[아가방 겨울]클리퍼점퍼(가방)(IVORY)_01R725052,1
tablet,/plan/3613,[아가방 겨울]토쿄상하(PINK)_01R757652,1
tablet,/plan/46944,기획전,1
tablet,/plan/5737,[2color]남아 V넥 배색 스포티 맨투맨,1
tablet,/plan/5737,[3color]남아 나일론 절개 밴드 조거팬츠,1
tablet,/plan/5737,기획전,1
tablet,/plan/73310,기획전,1
tablet,/plan/85354,기획전,1
tablet,/product/256372421,현대 종교의 다양성,1
tablet,/product/256433779,주해 구병시식,1
tablet,/product/256444129,보리보리,1
tablet,/product/261675129,9월 보리위크 애프터 세일🍂 MAX 89% OFF,1
tablet,/product/277056612,상품상세,1
tablet,/product/284516312,[애플핑크] 원워싱 밴딩 데님 바지 (APP9O502GSB),1
tablet,/product/290788171,[비박스]실리콘 과즙망_색상선택,1
tablet,/product/300634616,상품상세,1
tablet,/product/302942067,[컬리수][컬리수] 쿨핑크냉감 요루원피스 COM3XAOP04,1
tablet,/product/304731235,상품상세,1
tablet,/product/310680668,리틀블링 시크릿쥬쥬 반지네일 매니큐어,1
tablet,/product/315722623,남아 베이직 융기모 쿠션지 웜업 팬츠-AFJB7226D03,1
tablet,/product/317918544,상품상세,1
tablet,/product/318212663,[베베쿡] 처음먹는 빼빼롱뻥 8봉 (청포도/사과/단호박/자색고구마),1
tablet,/product/319010578,상품상세,1
tablet,/product/321296607,보리보리,1
tablet,/product/327544551,9월 보리위크 애프터 세일🍂 MAX 89% OFF,1
tablet,/product/327544551,최근 본 상품,1
tablet,/product/327814893,상품상세,1
tablet,/product/327895734,[보리에디션] 가볍게 야상 점퍼_베이지,1
tablet,/product/327895734,상품상세,1
tablet,/product/328010431,상품상세,1
tablet,/product/328507195,LED 레인보우 허니콤 펄 여아 구두,1
tablet,/product/328507195,상품상세,1
tablet,/product/329422227,상품상세,1
tablet,/product/329422228,상품상세,1
tablet,/product/329422229,상품상세,1
tablet,/product/331012136,상품상세,1
tablet,/product/331035111,상품상세,1
tablet,/product/331652079,상품상세,1
tablet,/product/332386717,상품상세,1
tablet,/product/332939140,[DAKS 프리미엄] 추석 STYLE GUIDE,1
tablet,/product/332939140,뉴발란스 878 남녀공용 운동화/런닝화 (CM878MA1),1
tablet,/product/335162252,상품상세,1
tablet,/product/335284025,상품상세,1
tablet,/product/335437943,보리보리,1
tablet,/product/335520012,상품상세,1
tablet,/product/335839193,상품상세,1
tablet,/product/337360571,[컬리수]컴포트 후드점퍼[봄],1
tablet,/product/337611339,상품상세,1
tablet,/product/338144743,모찌타운 키키 쿼카 필통 다용도 롱 파우치,1
tablet,/product/340266713,상품상세,1
tablet,/product/340458022,상품상세,1
tablet,/product/342205301,상품상세,1
tablet,/product/342238767,뉴발란스 NB 슬라이드 슬리퍼 블랙퍼플 SD1101FZK,1
tablet,/product/343224255,보리보리,1
tablet,/product/343297830,상품상세,1
tablet,/product/343872899,상품상세,1
tablet,/product/345464707,상품상세,1
tablet,/product/345678010,보리보리,1
tablet,/product/346138169,상품상세,1
tablet,/product/346138172,[컬리수] 플리츠트렌치코트,1
tablet,/product/346138175,보리보리,1
tablet,/product/346271663,상품상세,1
tablet,/product/346707250,상품상세,1
tablet,/product/346824672,상품상세,1
tablet,/product/348936804,상품상세,1
tablet,/product/350145102,보리보리,1
tablet,/product/350318603,상품상세,1
tablet,/product/350479845,보리보리,1
tablet,/product/350787027,보리보리,1
tablet,/product/351944052,상품상세,1
tablet,/product/352884703,보리보리,1
tablet,/product/352956036,상품상세,1
tablet,/product/353273628,상품상세,1
tablet,/product/353339419,보리보리,1
tablet,/product/353339491,[컬리수] 세일러카라트렌치코트,1
tablet,/product/353549808,상품상세,1
tablet,/product/353897624,상품상세,1
tablet,/product/353943991,상품상세,1
tablet,/product/353944021,보리보리,1
tablet,/product/353994192,보리보리,1
tablet,/product/354641617,상품상세,1
tablet,/product/354892092,상품상세,1
tablet,/product/354953621,상품상세,1
tablet,/product/355212235,상품상세,1
tablet,/product/355212284,상품상세,1
tablet,/product/355284112,[페리미츠] 카라집업니트가디건(P2411K412_05),1
tablet,/product/355565796,보리보리,1
tablet,/product/355602324,아트박스/미소짓는하루 몰드 21번 할로윈몰드 초콜릿만들기 도구,1
tablet,/product/355608298,보리보리,1
tablet,/product/355717098,상품상세,1
tablet,/product/356216926,[보리에디션] 올리반 레몬고방2in1원피스(블랙),1
tablet,/product/357277048,상품상세,1
tablet,/product/357473622,보리보리,1
tablet,/product/357733823,상품상세,1
tablet,/product/357820753,상품상세,1
tablet,/product/358451619,상품상세,1
tablet,/product/358631317,상품상세,1
tablet,/product/359151744,상품상세,1
tablet,/product/359177107,[보리에디션] 소매 테잎 트임 물나염 반팔 티셔츠,1
tablet,/product/359177107,상품상세,1
tablet,/product/359177114,[보리에디션] 소매 매쉬 프린팅 반팔 티셔츠,1
tablet,/product/359177114,상품상세,1
tablet,/product/359177151,[보리에디션] 베어 캐릭터 반팔 티셔츠,1
tablet,/product/359177151,상품상세,1
tablet,/product/359177193,[보리에디션] 베어 캐릭터 반팔 티셔츠,1
tablet,/product/359177193,상품상세,1
tablet,/product/359177196,[보리에디션] 테잎 장식 소매 포인트 반팔 티셔츠,1
tablet,/product/359177196,상품상세,1
tablet,/product/359408980,프리미엄 뉴트럴 푸고 빨대컵 유아 물병 물통 텀블러,1
tablet,/product/359507167,상품상세,1
tablet,/product/360152082,상품상세,1
tablet,/product/360545387,상품상세,1
tablet,/product/360695530,보리보리,1
tablet,/product/360695530,상품상세,1
tablet,/product/360982539,상품상세,1
tablet,/product/361528334,상품상세,1
tablet,/product/361700920,[신디키즈] 뷔스티에썸머조끼 CIVK24402,1
tablet,/product/361700920,상품상세,1
tablet,/product/362143020,상품상세,1
tablet,/product/362166685,에스핏 HC09 큐롯 데님3.5부 청반바지 SKY304FJPT46,1
tablet,/product/362200484,[보리에디션] 올리반 샤이닝데이지원피스(크림),1
tablet,/product/362227664,상품상세,1
tablet,/product/362750856,상품상세,1
tablet,/product/362842282,상품상세,1
tablet,/product/362954750,상품상세,1
tablet,/product/363355402,상품상세,1
tablet,/product/366501395,NEW 프롬유 샤워핸들 피스타치오 끼임방지 실리콘추가,1
tablet,/product/366782578,상품상세,1
tablet,/product/366782580,보리보리,1
tablet,/product/366782580,행텐틴즈 여아 사이드 테이프 라글란 티셔츠_100(14470-131-423-31),1
tablet,/product/367240498,상품상세,1
tablet,/product/367524784,상품상세,1
tablet,/product/367526148,보리보리,1
tablet,/product/367778342,상품상세,1
tablet,/product/367990321,TALENTKIDS HC24 TS핑크눈꽃장식구두 TSV51HSH07,1
tablet,/product/367990321,보리보리,1
tablet,/product/368016637,상품상세,1
tablet,/product/368922025,보리보리,1
tablet,/product/368922254,9월 보리위크 애프터 세일🍂 MAX 89% OFF,1
tablet,/product/368922254,[DAKS 프리미엄] 추석 STYLE GUIDE,1
tablet,/product/368922254,[닥스베이비] 닥스베이비 베어 포인트 맨투맨 상하복 (EUF40VP34M_LB),1
tablet,/product/368922254,기획전,1
tablet,/product/369661575,상품상세,1
tablet,/product/369702178,상품상세,1
tablet,/product/369702728,[소이] 여아 심플 밴딩 와이드 팬츠 22F0257_IV,1
tablet,/product/369702728,상품상세,1
tablet,/product/369824036,상품상세,1
tablet,/product/369824258,상품상세,1
tablet,/product/369825323,상품상세,1
tablet,/product/369825323,행텐틴즈 베이직셋업 조거팬츠_051(14480-038-653-07),1
tablet,/product/370073412,상품상세,1
tablet,/product/370074112,상품상세,1
tablet,/product/370086727,에비앙 페이셜 스프레이 미스트 50ml,1
tablet,/product/370260998,상품상세,1
tablet,/product/370272731,상품상세,1
tablet,/product/370285455,상품상세,1
tablet,/product/370539075,버블트리 [T447]키티나그랑티,1
tablet,/product/370539127,상품상세,1
tablet,/product/370545363,상품상세,1
tablet,/product/370844720,상품상세,1
tablet,/product/371326925,버블트리 [M230]아미띠에맨투맨,1
tablet,/product/371776363,상품상세,1
tablet,/product/372241520,상품상세,1
tablet,/product/372568906,상품상세,1
tablet,/product/372833169,상품상세,1
tablet,/product/373285819,상품상세,1
tablet,/product/373659069,두더지 두더지게임 두더지왕 개구리 뽕망치 망치게임 룰렛 뽑기 보드게임 B016,1
tablet,/product/373660156,보리보리,1
tablet,/product/373660156,상품상세,1
tablet,/product/374888500,상품상세,1
tablet,/product/374888501,상품상세,1
tablet,/product/375614459,상품상세,1
tablet,/product/376068836,상품상세,1
tablet,/product/376173169,상품상세,1
tablet,/product/376444989,상품상세,1
tablet,/product/376566314,[삠뽀요] 쿠잉후드점퍼,1
tablet,/product/376566314,상품상세,1
tablet,/product/376566516,상품상세,1
tablet,/product/377518552,9월 보리위크 애프터 세일🍂 MAX 89% OFF,1
tablet,/product/377518552,보리보리,1
tablet,/product/377518552,상품상세,1
tablet,/product/377698334,상품상세,1
tablet,/product/378604826,보리보리,1
tablet,/product/378685436,상품상세,1
tablet,/product/379855160,상품상세,1
tablet,/product/380046848,보리보리,1
tablet,/product/380046848,상품상세,1
tablet,/product/380046905,상품상세,1
tablet,/product/380046926,상품상세,1
tablet,/product/380047033,상품상세,1
tablet,/product/380328376,아트박스/지유 컴파운드 6공 플래너 커버 (A5 바인더),1
tablet,/product/381001737,상품상세,1
tablet,/product/381037061,상품상세,1
tablet,/product/381141286,상품상세,1
tablet,/product/381632097,보리보리,1
tablet,/product/381632097,상품상세,1
tablet,/product/382112134,상품상세,1
tablet,/product/382112725,상품상세,1
tablet,/product/382114865,상품상세,1
tablet,/product/382270095,보리보리,1
tablet,/product/382284788,상품상세,1
tablet,/product/382338229,상품상세,1
tablet,/product/382360915,상품상세,1
tablet,/product/382392666,아기 토퍼 매트리스 순면 범퍼침대 100x130,1
tablet,/product/382679650,상품상세,1
tablet,/product/382688559,상품상세,1
tablet,/product/382704697,상품상세,1
tablet,/product/382704697,행텐틴즈 여아 레이어드셋업 롱슬리브 티셔츠_051(14510-131-251-31),1
tablet,/product/382852614,상품상세,1
tablet,/product/382873276,보리보리,1
tablet,/product/383119763,상품상세,1
tablet,/product/383507301,상품상세,1
tablet,/product/383531361,상품상세,1
tablet,/product/383823958,상품상세,1
tablet,/product/384663999,상품상세,1
tablet,/product/384678980,상품상세,1
tablet,/product/384845579,상품상세,1
tablet,/product/385021916,상품상세,1
tablet,/product/385084375,슈팅스타 캐치티니핑 서프라이즈 박스2(8종),1
tablet,/product/385321454,상품상세,1
tablet,/product/385591513,상품상세,1
tablet,/product/385633184,상품상세,1
tablet,/product/385855492,상품상세,1
tablet,/product/385855495,상품상세,1
tablet,/product/386094350,상품상세,1
tablet,/product/386094353,상품상세,1
tablet,/product/386094360,상품상세,1
tablet,/product/386104305,상품상세,1
tablet,/product/386471832,상품상세,1
tablet,/product/386540391,아트박스 토마토 스터디플래너,1
tablet,/product/386617265,상품상세,1
tablet,/product/386780543,상품상세,1
tablet,/product/386964414,상품상세,1
tablet,/product/387215320,곰돌이마린카라스트라이프상하복,1
tablet,/product/387215320,상품상세,1
tablet,/product/387822528,상품상세,1
tablet,/product/387847524,상품상세,1
tablet,/product/387985289,상품상세,1
tablet,/product/388399218,상품상세,1
tablet,/product/388568709,상품상세,1
tablet,/product/388903178,상품상세,1
tablet,/product/388903561,상품상세,1
tablet,/product/388907282,상품상세,1
tablet,/product/388955401,보리보리,1
tablet,/product/388955419,보리보리,1
tablet,/product/389039981,보리보리,1
tablet,/product/389123195,보리보리,1
tablet,/product/389300843,상품상세,1
tablet,/product/389810980,상품상세,1
tablet,/product/390063954,상품상세,1
tablet,/product/390193344,상품상세,1
tablet,/product/390527311,보리보리,1
tablet,/product/390527311,상품상세,1
tablet,/product/390530167,[헤지스키즈] 베이직 운동화 (HUG60UQ01M_WT),1
tablet,/product/390530167,상품상세,1
tablet,/product/390673812,상품상세,1
tablet,/product/390673812,셀덴뷔스띠에 케이블 조끼 EDVK23S21,1
tablet,/product/390707129,상품상세,1
tablet,/product/391320433,상품상세,1
tablet,/product/391434104,상품상세,1
tablet,/product/391509953,아트박스/오키오 물 나오는 씽크대 장난감 주방놀이 세트,1
tablet,/product/391509953,키앤비 물 나오는 테라피 우든 주방놀이 화이트,1
tablet,/product/391510464,상품상세,1
tablet,/product/391684767,상품상세,1
tablet,/product/391786976,상품상세,1
tablet,/product/391787021,상품상세,1
tablet,/product/391787119,상품상세,1
tablet,/product/391833598,상품상세,1
tablet,/product/392226124,상품상세,1
tablet,/product/392306693,상품상세,1
tablet,/product/392601925,상품상세,1
tablet,/product/392981432,상품상세,1
tablet,/product/392981433,상품상세,1
tablet,/product/392981524,상품상세,1
tablet,/product/392981541,상품상세,1
tablet,/product/392981549,상품상세,1
tablet,/product/393148367,[보리에디션] 닥스리틀 뽀글이 덕다운 DTW11JN62M_CR,1
tablet,/product/393148367,상품상세,1
tablet,/product/393148727,상품상세,1
tablet,/product/393148745,[보리에디션] 닥스베이비 아이코닉 져지 우주복 ETF11VW03M_MT,1
tablet,/product/393148745,보리보리,1
tablet,/product/393148760,상품상세,1
tablet,/product/393148772,상품상세,1
tablet,/product/393148809,상품상세,1
tablet,/product/393149042,상품상세,1
tablet,/product/393207023,보리보리,1
tablet,/product/393294807,보리보리,1
tablet,/product/393325220,보리보리,1
tablet,/product/393602100,보리보리,1
tablet,/product/393912974,상품상세,1
tablet,/product/394097709,상품상세,1
tablet,/product/394148687,상품상세,1
tablet,/product/394294602,상품상세,1
tablet,/product/394950849,보리보리,1
tablet,/product/395546341,상품상세,1
tablet,/product/395780495,보리보리,1
tablet,/product/395780495,상품상세,1
tablet,/product/395964947,보리보리,1
tablet,/product/395964947,지방시 H30710 09B 아동 반바지 타임메카,1
tablet,/product/395965067,[보리에디션] 베네통키즈 스트라이프7부티셔츠 QATS08411 GN,1
tablet,/product/395965067,상품상세,1
tablet,/product/396903687,[DAKS 프리미엄] 추석 STYLE GUIDE,1
tablet,/product/396903687,[보리plus] 25FW 닥스베이비 하우스체크 맨투맨 상하복 (베이지) EVF25VP03M_BG,1
tablet,/product/396903687,상품상세,1
tablet,/product/397172724,상품상세,1
tablet,/product/397754997,상품상세,1
tablet,/product/397755004,상품상세,1
tablet,/product/397991433,상품상세,1
tablet,/product/398105488,상품상세,1
tablet,/product/398218685,상품상세,1
tablet,/product/398690638,상품상세,1
tablet,/product/399034404,상품상세,1
tablet,/product/399153189,상품상세,1
tablet,/product/399938886,상품상세,1
tablet,/product/399940195,반집업 크롭 후드(블루) ULMH23952,1
tablet,/product/399940195,보리보리,1
tablet,/product/399940455,상품상세,1
tablet,/product/400328545,상품상세,1
tablet,/product/400329019,상품상세,1
tablet,/product/400331044,상품상세,1
tablet,/product/400335181,"[아가방 가을]주드베이직레깅스(CREAM,MELAN GREY)_01R552001",1
tablet,/product/400336903,상품상세,1
tablet,/product/400492622,상품상세,1
tablet,/product/400527144,상품상세,1
tablet,/product/400556808,상품상세,1
tablet,/product/400557516,상품상세,1
tablet,/product/400558721,보리보리,1
tablet,/product/400600875,상품상세,1
tablet,/product/400601068,상품상세,1
tablet,/product/400603567,더데이걸 파라슈트 카고 팬츠TGTA25101,1
tablet,/product/400603567,상품상세,1
tablet,/product/400605027,상품상세,1
tablet,/product/400608218,상품상세,1
tablet,/product/400612893,상품상세,1
tablet,/product/400613854,상품상세,1
tablet,/product/400614701,더데이걸 윈드 사선 바람막이 TGJA23101,1
tablet,/product/400614701,상품상세,1
tablet,/product/400672601,상품상세,1
tablet,/product/400689615,상품상세,1
tablet,/product/400717506,미래엔 평가문제집 통합사회 2 (정창우) (2025),1
tablet,/product/400784704,보리보리,1
tablet,/product/401350777,상품상세,1
tablet,/product/401518963,상품상세,1
tablet,/product/401555704,보리보리,1
tablet,/product/401687187,상품상세,1
tablet,/product/401834269,상품상세,1
tablet,/product/401841904,상품상세,1
tablet,/product/402079653,상품상세,1
tablet,/product/402092416,상품상세,1
tablet,/product/402168365,[아레나공식] 그란츠 원피스 드롭백 A5SL1LO02DGN,1
tablet,/product/402168365,[아레나공식] 하이틴체크 원피스 수퍼플라이백 A5BL1PL68ORG,1
tablet,/product/402183804,상품상세,1
tablet,/product/402188916,보리보리,1
tablet,/product/402192673,상품상세,1
tablet,/product/402224393,상품상세,1
tablet,/product/402224430,상품상세,1
tablet,/product/402398050,상품상세,1
tablet,/product/402527911,상품상세,1
tablet,/product/402528454,상품상세,1
tablet,/product/402528830,상품상세,1
tablet,/product/402529438,상품상세,1
tablet,/product/402677842,상품상세,1
tablet,/product/402677844,상품상세,1
tablet,/product/402677846,상품상세,1
tablet,/product/402677866,상품상세,1
tablet,/product/402679283,상품상세,1
tablet,/product/402679295,상품상세,1
tablet,/product/402679309,상품상세,1
tablet,/product/402679310,상품상세,1
tablet,/product/402679311,상품상세,1
tablet,/product/402679312,상품상세,1
tablet,/product/402683793,상품상세,1
tablet,/product/402693984,상품상세,1
tablet,/product/402781253,상품상세,1
tablet,/product/402858140,상품상세,1
tablet,/product/402858142,보리보리,1
tablet,/product/402858144,보리보리,1
tablet,/product/402869873,상품상세,1
tablet,/product/402869883,상품상세,1
tablet,/product/402881975,상품상세,1
tablet,/product/402882682,상품상세,1
tablet,/product/402903738,상품상세,1
tablet,/product/403011024,상품상세,1
tablet,/product/403069053,[치크] 티 블라우스 CKLA2582G_NC해운대점,1
tablet,/product/403069053,상품상세,1
tablet,/product/403148310,상품상세,1
tablet,/product/403451001,상품상세,1
tablet,/product/403451057,상품상세,1
tablet,/product/403453276,상품상세,1
tablet,/product/403455744,상품상세,1
tablet,/product/403563368,상품상세,1
tablet,/product/403605051,상품상세,1
tablet,/product/403699863,상품상세,1
tablet,/product/403712418,상품상세,1
tablet,/product/403712509,상품상세,1
tablet,/product/403718881,상품상세,1
tablet,/product/403791071,상품상세,1
tablet,/product/403798036,상품상세,1
tablet,/product/403894247,상품상세,1
tablet,/product/404029020,상품상세,1
tablet,/product/404029022,상품상세,1
tablet,/product/404029078,상품상세,1
tablet,/product/404029206,상품상세,1
tablet,/product/404029253,라글란 배색 크롭후드점퍼,1
tablet,/product/404029253,상품상세,1
tablet,/product/404029305,상품상세,1
tablet,/product/404029308,상품상세,1
tablet,/product/404141401,상품상세,1
tablet,/product/404215171,레노마키즈 HC12 주름 체크 스커트 R2431S606,1
tablet,/product/404215171,최근 본 상품,1
tablet,/product/404217155,상품상세,1
tablet,/product/404348005,보리보리,1
tablet,/product/404365576,상품상세,1
tablet,/product/404367237,상품상세,1
tablet,/product/404367713,상품상세,1
tablet,/product/404367722,상품상세,1
tablet,/product/404369585,상품상세,1
tablet,/product/404469724,상품상세,1
tablet,/product/404488095,상품상세,1
tablet,/product/404526274,상품상세,1
tablet,/product/404599755,리본 포인트 와이드 팬츠 (APXPT511GSI),1
tablet,/product/404599755,상품상세,1
tablet,/product/404603840,상품상세,1
tablet,/product/404637312,상품상세,1
tablet,/product/404637419,보리보리,1
tablet,/product/404637419,상품상세,1
tablet,/product/404637426,상품상세,1
tablet,/product/404637436,상품상세,1
tablet,/product/404637533,보리보리,1
tablet,/product/404669590,상품상세,1
tablet,/product/404671609,상품상세,1
tablet,/product/404678233,상품상세,1
tablet,/product/404678242,상품상세,1
tablet,/product/404678252,상품상세,1
tablet,/product/404678253,상품상세,1
tablet,/product/404678254,빈티지 프린팅 맨투맨티,1
tablet,/product/404678284,상품상세,1
tablet,/product/404678394,크랙 레터 피그먼트 후드티,1
tablet,/product/404678397,상품상세,1
tablet,/product/404716573,상품상세,1
tablet,/product/404740567,상품상세,1
tablet,/product/404794224,상품상세,1
tablet,/product/404794796,[에뜨와 가을]모르POINT상하(MUSTARD)_07P52300828,1
tablet,/product/404794974,상품상세,1
tablet,/product/404795076,상품상세,1
tablet,/product/404801061,[특가]서울랜드 AFTER6(~10/31),1
tablet,/product/404808530,상품상세,1
tablet,/product/404809407,상품상세,1
tablet,/product/404893573,상품상세,1
tablet,/product/404907253,상품상세,1
tablet,/product/404910034,보리보리,1
tablet,/product/404910154,[즉시전송] MS 윈도우11 Home Pro 영구한글버전 정품키(USB별도판매) 인증키,1
tablet,/product/404910154,보리보리,1
tablet,/product/404914181,상품상세,1
tablet,/product/404919382,상품상세,1
tablet,/product/404959983,상품상세,1
tablet,/product/404960029,상품상세,1
tablet,/product/404965075,상품상세,1
tablet,/product/404966158,[에뜨와 가을]뮤드나염상하(IVORY)_07R553051,1
tablet,/product/404969665,[로엠걸즈]부드러운 반넥 골지 티셔츠 RGLA25W1P,1
tablet,/product/404969665,상품상세,1
tablet,/product/404970213,상품상세,1
tablet,/product/405047525,상품상세,1
tablet,/product/405066185,[에뜨와 겨울신상]샌드로선상하(IVORY)_07P72305202,1
tablet,/product/405066185,상품상세,1
tablet,/product/405075767,보리보리,1
tablet,/product/405076749,[에뜨와 겨울]드먼헌팅캡(BEIGE)_07P77681021,1
tablet,/product/405076749,에뜨와,1
tablet,/product/405117730,상품상세,1
tablet,/product/405117986,상품상세,1
tablet,/product/405165464,상품상세,1
tablet,/product/405166266,상품상세,1
tablet,/product/405177086,상품상세,1
tablet,/product/405185650,상품상세,1
tablet,/product/405185677,버블트리 [T468]스케치퍼피티,1
tablet,/product/405191570,상품상세,1
tablet,/product/405191574,상품상세,1
tablet,/product/405191575,상품상세,1
tablet,/product/405191594,상품상세,1
tablet,/product/405208696,상품상세,1
tablet,/product/405273414,EBS 수능 직전보강 클리어 봉투 모의고사 사회 문화 (2025) : 사회탐구 영역 2026 대비 고등 고3 봉모,1
tablet,/product/405376692,[더센트럴 소이주니어] 오트밀 와이드 셋업바지 25F0756,1
tablet,/product/405392885,상품상세,1
tablet,/product/405409067,상품상세,1
tablet,/product/405409070,상품상세,1
tablet,/product/405409089,상품상세,1
tablet,/product/405410705,상품상세,1
tablet,/product/405411096,보리보리,1
tablet,/product/405411103,보리보리,1
tablet,/product/405411103,상품상세,1
tablet,/product/405411475,보리보리,1
tablet,/product/405533636,상품상세,1
tablet,/product/405657286,MICROSOFT 윈도우 11 Home 처음사용자용 한글,1
tablet,/product/405661948,보리보리,1
tablet,/product/405663974,[즉시전송] 오피스2021 2019 2016 영구한글판 정품키+설치링크 제품키,1
tablet,/product/405685982,상품상세,1
tablet,/product/405686151,상품상세,1
tablet,/product/405687924,상품상세,1
tablet,/product/405883688,상품상세,1
tablet,/product/405952732,2026 해커스 경찰 이나경 민법총칙 기본서,1
tablet,/product/405952732,보리보리,1
tablet,/product/405952732,상품상세,1
tablet,/product/405973239,상품상세,1
tablet,/search/100일,보리보리,1
tablet,/search/100일,"여아 헤이즐티셔츠,12312-100-032",1
tablet,/search/20,20주년 - 보리보리,1
tablet,/search/20,누리토이즈,1
tablet,/search/20주년,20 - 보리보리,1
tablet,/search/JCB,[보리에디션] 베어 캐릭터 반팔 티셔츠,1
tablet,/search/JCB,[제이씨비] 라벨 장식 트레이닝 팬츠(JBP8P163B_SB),1
tablet,/search/JCB,[제이씨비] 제이씨비 베스트(JBV0M801_IV),1
tablet,/search/JCB,보리보리,1
tablet,/search/Ubmom,보리보리,1
tablet,/search/menu,20주년 - 보리보리,1
tablet,/search/menu,9월 보리위크 애프터 세일🍂 MAX 89% OFF,1
tablet,/search/menu,[헤지스키즈] 롱기장 덕다운 (HUW12JN54M_PK),1
tablet,/search/menu,구스다운 - 보리보리,1
tablet,/search/menu,구스패딩 - 보리보리,1
tablet,/search/menu,남아 베이직 융기모 쿠션지 웜업 팬츠-AFJB7226D0L,1
tablet,/search/menu,닥스리틀,1
tablet,/search/menu,닥스베이비,1
tablet,/search/menu,보리보리 신생아의류 우주복,1
tablet,/search/menu,상하복 - 보리보리,1
tablet,/search/menu,에꼴리에 HC33 라글란 배색 크롭 후드 점퍼 24C5751,1
tablet,/search/menu,여름 상하복 - 보리보리,1
tablet,/search/menu,컬리수 여름 - 보리보리,1
tablet,/search/menu,페리미츠 - 보리보리,1
tablet,/search/겨울점퍼,[더센트럴] 아가방 겨울 리온베베퍼점퍼(IVORY)_01R725002,1
tablet,/search/겨울점퍼,보리보리,1
tablet,/search/겨울점퍼,아가방 에뜨와 해운대엔씨_겨울 로빈배색 퍼 점퍼 07N725005,1
tablet,/search/구스,구스다운패딩 - 보리보리,1
tablet,/search/구스,구스패딩 - 보리보리,1
tablet,/search/구스다운,[헤지스키즈] 롱기장 구스 다운 (HUW12JN03M_GY),1
tablet,/search/구스다운,여아 에어 클라우스 구스 롱다운_PKE4JP2030,1
tablet,/search/구스다운패딩,구스 - 보리보리,1
tablet,/search/구스패딩,[닥스리틀] 닥스키즈 경량 구스 다운 점퍼 (DUF15JN62M_BK),1
tablet,/search/구스패딩,보리보리 패딩/다운/코트 패딩/다운,1
tablet,/search/기모 팬츠,남아 베이직 융기모 쿠션지 웜업 팬츠-AFJB7226D0L,1
tablet,/search/닥스리틀,닥스베이비,1
tablet,/search/닥스리틀,상품상세,1
tablet,/search/더데이걸즈,더데이걸 브이넥 스포티 박시 티TGMA24105,1
tablet,/search/더데이걸즈,더데이걸 실버블록코어긴팔TGMA24810,1
tablet,/search/더데이걸즈,더데이걸 크롭 후드 집업 TGJM24802,1
tablet,/search/더데이걸즈,더데이걸 크롭후드집업스커트세트TGMS24106,1
tablet,/search/더데이걸즈,더데이걸 후드 집업 조끼스웨터TGKA25301,1
tablet,/search/래쉬가드,보리보리,1
tablet,/search/리틀뎁,"[리틀뎁] 25가을 신상 긴팔티,맨투맨,후드티",1
tablet,/search/리틀뎁,여름 키즈 주니어 래쉬가드 수영복 체커보드 숏보드 세트,1
tablet,/search/맨투맨,보리보리,1
tablet,/search/배변훈련,보리보리,1
tablet,/search/베베드피노,보리보리,1
tablet,/search/상하복,[무스텔라_] UP to 43% 할인 + 역대급 할인쿠폰,1
tablet,/search/셀덴,보리보리,1
tablet,/search/소이 맨투맨,[소이] 여자 가을이월 캣프렌즈맨투맨티(25S0453),1
tablet,/search/소이 맨투맨,보리보리,1
tablet,/search/에스핏주니어,보리보리,1
tablet,/search/여름 반팔티,여름 상하복 - 보리보리,1
tablet,/search/여름 상하복,딜 상세,1
tablet,/search/여름 상하복,상하복 - 보리보리,1
tablet,/search/여름 상하복,주니어 여름신상 6단 균일가 티셔츠/팬츠/상하복,1
tablet,/search/여름가디건,티셔츠 - 보리보리,1
tablet,/search/여아 구두,LED 레인보우 허니콤 펄 여아 구두,1
tablet,/search/여아 구두,메리 루비 하이힐 키즈 주니어 슈즈 드레스 여아 구두,1
tablet,/search/여아 구두,여아 구두 - 보리보리,1
tablet,/search/여아 구두,해피걸 반도장식 옆리본 주니어 유광 드레스 여아구두,1
tablet,/search/여아사각팬티,베이직 여아 사각팬티 3매(N155)+선물포장,1
tablet,/search/여아사각팬티,보리보리,1
tablet,/search/여아사각팬티,제이코튼 올데이 인견 트렁크 사각팬티 1종 여아팬티,1
tablet,/search/여아사각팬티,주니어 여아용 코튼순면 러블리 드로즈 사각팬티 5종 세트,1
tablet,/search/일로딜로,보리보리,1
tablet,/search/젤리스푼원피스,보리보리,1
tablet,/search/조끼,[신디키즈] 뷔스티에썸머조끼 CIVK24402,1
tablet,/search/조끼,보리보리,1
tablet,/search/조끼,셀덴 뷔스띠에 케이블 조끼 EDVK23S21,1
tablet,/search/조끼,"토토헤로스)여아 리디아크로셰베스트,여아 조끼,12332-140-012",1
tablet,/search/조끼,"토토헤로스)여아 아멜리아니트조끼,12432-140-013",1
tablet,/search/집업,에꼴리에 HC33 라글란 배색 크롭 후드 점퍼 24C5751,1
tablet,/search/컬리수,[컬리수X나이키키즈] F/W 인기템 원스탑 쇼핑,1
tablet,/search/컬리수,컬리수 여름 - 보리보리,1
tablet,/search/컬리수 여름,"[컬리수] 키즈 래쉬가드 총 집합, 여름 휴가룩 준비",1
tablet,/search/컬리수 여름,리본장식 3.5부 팬츠 C252PT402P-1,1
tablet,/search/컬리수 여름,보리보리,1
tablet,/search/컬리수 여름,썸머 크로쉐 가디건 C252CD403P-2,1
tablet,/search/컬리수 여름,아이돌플리츠스커트 C251SK206P-2,1
tablet,/search/탑텐키즈속옷,보리보리,1
tablet,/search/티셔츠,WB레터링모달 7부티셔츠,1
tablet,/search/티셔츠,[예일키즈]심플 반팔 티셔츠 화이트 1+1 A5M024,1
tablet,/search/티셔츠,여름가디건 - 보리보리,1
tablet,/search/틴플로어 맨투맨,보리보리,1
tablet,/search/틴플로우 맨투맨,보리보리,1
tablet,/search/페리미츠,"[레노마X페리미츠] 가을시즌 아울렛 최종할인 3,900원 균일가",1
tablet,/search/페리미츠,[아울렛특가][페리미츠X레노마키즈] 여름 마지막 특가 대방출,1
tablet,/search/페리미츠,딜 상세,1
tablet,/search/페리미츠,보리보리,1
tablet,/search/페리미츠,페리미츠 - 보리보리,1
tablet,/search/핑크래빗,보리보리,1
tablet,/search/핑크래빗 장난감,보리보리,1
tablet,/search/후드티,5%쿠폰! 가을 인기 트레이닝복 & 운동화 BEST 모음! 후드티/맨투맨/상하복,1
tablet,/search/후드티,보리보리,1
tablet,/search/후드티,크랙 레터 피그먼트 후드티,1
tablet,/search/흰색 타이즈,보리보리,1
tablet,BestFragment,베스트,1
